"1307","2791","2369","2918","1968","user_id","age","age_code","age_group","gender","occupation","zip_code"
4,1,2,3,4,26,29.5,25,"25-34","M","executive/managerial","23112"
5,5,2,5,5,34,21,18,"18-24","F","other","02135"
4,5,4,4,4,36,29.5,25,"25-34","M","clerical/admin","94123"
3,3,5,3,3,45,47,45,"45-49","F","self-employed","94110"
3,4,2,3,4,123,39.5,35,"35-44","M","homemaker","67208"
4,5,5,5,5,146,39.5,35,"35-44","F","writer","10954"
5,4,2,3,3,202,21,18,"18-24","M","college/grad student","53706"
4,4,3,4,4,216,47,45,"45-49","M","retired","52761"
4,3,3,4,5,225,29.5,25,"25-34","M","executive/managerial","11215"
4,4,1,5,4,264,39.5,35,"35-44","M","other","20755"
4,5,3,5,4,272,21,18,"18-24","M","other","80302"
3,4,2,5,4,302,21,18,"18-24","M","college/grad student","04901"
2,4,3,2,3,329,39.5,35,"35-44","M","executive/managerial","02115"
3,5,2,4,3,331,29.5,25,"25-34","M","executive/managerial","55902"
5,4,4,5,5,338,39.5,35,"35-44","M","executive/managerial","55116"
5,4,3,5,4,402,29.5,25,"25-34","M","lawyer","55427"
5,3,3,2,3,411,47,45,"45-49","F","academic/educator","43214"
5,5,3,4,4,424,29.5,25,"25-34","M","technician/engineer","55112"
5,5,2,5,5,442,29.5,25,"25-34","M","academic/educator","55105"
4,4,2,4,3,482,29.5,25,"25-34","M","sales/marketing","55305"
3,3,3,4,2,498,39.5,35,"35-44","M","technician/engineer","55113"
4,5,3,5,4,524,21,18,"18-24","M","other","91320"
5,2,2,3,4,531,21,18,"18-24","F","sales/marketing","22206"
2,5,4,5,2,549,29.5,25,"25-34","M","doctor/health care","53217"
4,3,3,5,4,630,39.5,35,"35-44","F","sales/marketing","80525"
5,4,3,4,5,678,29.5,25,"25-34","M","other","34952"
5,5,4,3,4,731,47,45,"45-49","M","clerical/admin","55410"
4,4,1,5,4,752,29.5,25,"25-34","F","clerical/admin","97401"
4,3,2,5,5,765,29.5,25,"25-34","M","technician/engineer","74467"
5,3,3,4,5,766,29.5,25,"25-34","F","executive/managerial","95128"
4,4,4,4,4,855,21,18,"18-24","F","artist","72701"
3,4,3,5,5,881,21,18,"18-24","M","sales/marketing","76401"
3,4,3,3,4,889,47,45,"45-49","M","writer","10024"
3,5,4,5,5,919,39.5,35,"35-44","F","academic/educator","92056"
3,5,2,4,4,1004,29.5,25,"25-34","M","clerical/admin","95136"
5,4,1,5,2,1010,29.5,25,"25-34","M","other","10310"
5,5,4,4,5,1015,39.5,35,"35-44","M","clerical/admin","11220"
3,4,2,1,3,1019,39.5,35,"35-44","M","academic/educator","60640"
4,3,3,4,3,1029,29.5,25,"25-34","M","other","20015"
5,5,4,5,5,1051,29.5,25,"25-34","F","other","60513"
4,4,1,4,5,1059,29.5,25,"25-34","F","other","97213"
5,5,2,5,5,1068,21,18,"18-24","F","college/grad student","77581"
5,4,2,4,5,1087,29.5,25,"25-34","M","self-employed","08826"
3,4,1,3,3,1100,29.5,25,"25-34","M","other","60090"
4,4,4,4,4,1129,39.5,35,"35-44","M","technician/engineer","22309"
4,4,3,4,4,1137,21,18,"18-24","M","college/grad student","13165"
2,1,2,3,4,1150,29.5,25,"25-34","F","writer","75226"
3,5,2,4,4,1209,39.5,35,"35-44","M","executive/managerial","94127"
5,5,4,4,5,1285,39.5,35,"35-44","M","college/grad student","98125"
4,5,2,4,4,1303,29.5,25,"25-34","M","unemployed","94111"
4,4,4,4,4,1317,47,45,"45-49","M","executive/managerial","98028"
5,4,3,5,5,1321,29.5,25,"25-34","F","sales/marketing","34639"
2,3,2,3,1,1335,39.5,35,"35-44","M","other","14228"
3,4,3,5,5,1339,39.5,35,"35-44","M","tradesman/craftsman","85275"
5,4,3,4,2,1383,29.5,25,"25-34","F","executive/managerial","19806"
5,4,3,3,3,1422,39.5,35,"35-44","M","technician/engineer","55934"
5,4,4,4,4,1448,29.5,25,"25-34","F","clerical/admin","17522"
3,4,3,4,4,1449,39.5,35,"35-44","M","writer","17112"
4,5,4,5,3,1451,39.5,35,"35-44","M","writer","90012"
4,3,3,4,3,1465,52.5,50,"50-55","M","self-employed","93003"
3,3,2,3,2,1489,39.5,35,"35-44","F","artist","60201"
4,4,3,4,4,1579,29.5,25,"25-34","M","other","60201"
4,4,2,4,4,1587,29.5,25,"25-34","F","clerical/admin","30308"
3,5,5,5,3,1591,52.5,50,"50-55","M","executive/managerial","26501"
3,3,3,4,4,1599,29.5,25,"25-34","M","other","92646"
3,5,3,2,3,1647,21,18,"18-24","M","tradesman/craftsman","98118"
4,4,1,5,5,1676,21,18,"18-24","M","college/grad student","91301"
3,5,3,4,4,1685,39.5,35,"35-44","M","programmer","95833"
5,5,1,5,5,1712,29.5,25,"25-34","M","other","73003"
4,5,3,4,4,1727,39.5,35,"35-44","M","self-employed","50317"
4,1,3,5,5,1812,29.5,25,"25-34","F","programmer","48103"
4,3,4,4,3,1875,39.5,35,"35-44","M","programmer","94107"
4,4,3,5,4,1880,39.5,35,"35-44","M","other","91006"
3,2,4,4,3,1883,52.5,50,"50-55","F","other","94521"
4,4,2,5,4,1889,21,18,"18-24","M","sales/marketing","80023"
4,4,3,4,4,1897,52.5,50,"50-55","F","artist","94530"
4,3,4,4,4,1922,29.5,25,"25-34","F","executive/managerial","94303"
2,4,3,3,3,1941,39.5,35,"35-44","M","technician/engineer","94550"
4,2,3,5,5,1958,29.5,25,"25-34","F","academic/educator","17055"
5,3,2,5,5,1969,29.5,25,"25-34","F","clerical/admin","92116"
4,3,3,5,5,2024,15,1,"<18","M","unemployed","06614"
3,4,3,4,5,2063,29.5,25,"25-34","M","college/grad student","43138"
5,2,2,4,4,2073,21,18,"18-24","F","college/grad student","13148"
3,5,3,3,4,2105,29.5,25,"25-34","M","academic/educator","24060"
3,5,3,5,5,2124,29.5,25,"25-34","M","other","12306"
5,5,4,5,4,2170,52.5,50,"50-55","F","self-employed","99114"
5,5,4,4,5,2203,47,45,"45-49","M","programmer","53718"
4,4,3,3,3,2205,29.5,25,"25-34","F","executive/managerial","10016"
4,5,3,4,4,2223,29.5,25,"25-34","M","artist","60123"
4,5,4,4,4,2383,29.5,25,"25-34","F","sales/marketing","95125"
5,3,4,4,4,2406,60,56,"56+","F","programmer","01520"
5,5,3,5,5,2446,21,18,"18-24","M","executive/managerial","10038"
3,3,3,4,3,2456,29.5,25,"25-34","M","customer service","48103"
4,3,2,4,4,2484,47,45,"45-49","M","customer service","31901"
5,2,4,3,2,2506,29.5,25,"25-34","F","sales/marketing","98225"
3,3,3,3,4,2529,39.5,35,"35-44","F","homemaker","95903"
3,5,2,5,4,2611,29.5,25,"25-34","M","clerical/admin","07719"
3,3,3,3,4,2627,29.5,25,"25-34","M","academic/educator","06877"
4,3,3,5,3,2638,29.5,25,"25-34","M","sales/marketing","06405"
3,4,3,4,4,2664,39.5,35,"35-44","M","executive/managerial","52402"
3,4,2,5,4,2665,39.5,35,"35-44","M","lawyer","98443"
4,3,4,5,4,2668,29.5,25,"25-34","F","college/grad student","94110"
5,5,4,4,5,2683,39.5,35,"35-44","M","executive/managerial","60188"
3,4,3,4,5,2723,29.5,25,"25-34","F","homemaker","28147"
4,2,2,4,4,2751,29.5,25,"25-34","F","self-employed","28120"
4,5,3,5,5,2776,29.5,25,"25-34","M","sales/marketing","22205"
5,4,2,5,5,2777,21,18,"18-24","M","college/grad student","95326"
5,2,4,5,4,2793,39.5,35,"35-44","M","executive/managerial","70116"
2,2,2,2,2,2820,39.5,35,"35-44","F","other","02138"
4,4,3,4,4,2872,29.5,25,"25-34","M","writer","94014"
4,2,3,5,5,2878,52.5,50,"50-55","F","writer","88005"
4,5,3,4,3,2899,39.5,35,"35-44","M","sales/marketing","94133"
3,3,1,5,5,2909,29.5,25,"25-34","M","executive/managerial","43228"
3,4,2,4,4,2928,29.5,25,"25-34","M","artist","90068"
4,5,3,3,4,3018,39.5,35,"35-44","M","other","45242"
5,5,4,5,5,3029,21,18,"18-24","M","college/grad student","92037"
5,3,3,3,5,3067,29.5,25,"25-34","F","other","02148"
5,5,4,5,4,3080,29.5,25,"25-34","M","writer","55410"
4,5,1,4,5,3129,29.5,25,"25-34","M","executive/managerial","21117"
2,5,1,4,4,3182,29.5,25,"25-34","M","programmer","12866"
5,3,4,5,4,3224,29.5,25,"25-34","F","sales/marketing","93428"
5,4,4,5,5,3271,39.5,35,"35-44","F","other","92704"
4,4,3,4,3,3272,39.5,35,"35-44","M","other","08330"
4,4,2,4,4,3280,29.5,25,"25-34","M","executive/managerial","33486"
3,4,1,5,4,3311,29.5,25,"25-34","M","college/grad student","90039"
4,4,3,4,4,3312,21,18,"18-24","F","college/grad student","90039"
3,4,3,4,2,3336,39.5,35,"35-44","M","technician/engineer","93436"
5,4,4,5,4,3365,52.5,50,"50-55","M","technician/engineer","23059"
5,4,3,5,4,3391,21,18,"18-24","M","college/grad student","48135"
4,4,2,3,4,3401,39.5,35,"35-44","M","executive/managerial","76109"
2,4,3,3,4,3410,39.5,35,"35-44","M","academic/educator","20653"
5,3,1,4,4,3462,29.5,25,"25-34","F","college/grad student","73160"
4,4,3,4,4,3491,29.5,25,"25-34","M","self-employed","28542"
5,3,4,4,4,3518,21,18,"18-24","F","executive/managerial","11215"
4,5,3,5,3,3521,29.5,25,"25-34","M","other","53213"
4,5,5,3,4,3526,39.5,35,"35-44","M","artist","62263-3004"
5,4,4,5,5,3539,29.5,25,"25-34","F","college/grad student","77006"
2,4,4,5,3,3547,39.5,35,"35-44","M","self-employed","94108"
5,4,3,5,4,3557,21,18,"18-24","M","customer service","48185"
5,4,3,5,4,3562,29.5,25,"25-34","F","doctor/health care","32812"
5,3,4,4,4,3600,39.5,35,"35-44","M","writer","94506"
3,5,3,4,2,3626,29.5,25,"25-34","M","technician/engineer","75075"
5,5,2,4,5,3650,29.5,25,"25-34","M","other","60611"
4,4,1,5,4,3675,39.5,35,"35-44","M","executive/managerial","06680"
4,4,4,4,4,3705,47,45,"45-49","M","executive/managerial","30076"
5,5,3,5,5,3713,29.5,25,"25-34","F","executive/managerial","22201"
5,5,2,5,3,3724,39.5,35,"35-44","M","doctor/health care","77083"
2,5,2,5,4,3735,29.5,25,"25-34","M","other","10009"
3,2,2,3,4,3778,29.5,25,"25-34","M","other","61832"
4,5,3,5,4,3808,29.5,25,"25-34","M","executive/managerial","60010"
5,3,3,3,4,3829,29.5,25,"25-34","F","academic/educator","22307"
4,3,3,5,4,3878,39.5,35,"35-44","M","self-employed","22124"
4,4,2,4,5,3929,29.5,25,"25-34","M","customer service","80227"
3,2,2,5,2,3934,29.5,25,"25-34","M","other","44512"
4,1,2,5,4,3946,29.5,25,"25-34","F","programmer","22207"
3,3,2,3,4,3967,21,18,"18-24","F","artist","13603"
5,5,2,5,4,3976,29.5,25,"25-34","F","other","44107"
4,5,3,4,4,3994,52.5,50,"50-55","M","executive/managerial","43081"
5,5,3,5,5,4033,29.5,25,"25-34","M","doctor/health care","43551"
4,5,1,5,5,4058,29.5,25,"25-34","M","doctor/health care","73118"
3,5,2,3,2,4064,47,45,"45-49","M","other","20851"
5,2,4,5,5,4085,29.5,25,"25-34","F","doctor/health care","79416"
5,4,3,3,4,4169,52.5,50,"50-55","M","other","66048"
3,5,1,4,4,4238,39.5,35,"35-44","M","self-employed","44691"
3,3,3,5,5,4260,29.5,25,"25-34","M","self-employed","59079"
2,4,4,3,3,4269,39.5,35,"35-44","M","tradesman/craftsman","27603"
5,4,5,4,3,4281,60,56,"56+","M","retired","92120"
3,5,1,5,3,4312,29.5,25,"25-34","M","tradesman/craftsman","78757"
4,5,3,5,5,4342,29.5,25,"25-34","M","other","66614"
1,5,4,4,3,4344,29.5,25,"25-34","M","academic/educator","44240"
5,3,3,5,4,4345,29.5,25,"25-34","F","sales/marketing","44304"
1,4,3,4,5,4354,39.5,35,"35-44","M","sales/marketing","78611"
5,5,4,5,5,4386,29.5,25,"25-34","M","customer service","74055"
5,1,2,5,4,4387,21,18,"18-24","F","college/grad student","63109"
4,4,2,4,4,4425,39.5,35,"35-44","M","executive/managerial","98607"
4,3,2,5,2,4437,39.5,35,"35-44","F","customer service","47129"
3,4,3,4,4,4447,47,45,"45-49","M","customer service","32953"
4,5,3,5,3,4448,29.5,25,"25-34","M","sales/marketing","06880"
1,5,2,4,3,4480,29.5,25,"25-34","M","other","94403"
5,3,3,3,4,4482,39.5,35,"35-44","F","academic/educator","94044"
5,4,4,5,3,4484,29.5,25,"25-34","F","technician/engineer","94613"
3,4,2,3,2,4508,29.5,25,"25-34","M","writer","15701"
4,5,3,3,4,4543,29.5,25,"25-34","M","artist","11105"
4,3,3,3,3,4579,21,18,"18-24","F","college/grad student","63332"
3,2,1,4,4,4650,29.5,25,"25-34","M","executive/managerial","30041"
4,5,3,4,4,4728,29.5,25,"25-34","M","unemployed","31401"
3,5,3,5,5,4750,29.5,25,"25-34","F","other","91107"
4,5,3,5,5,4754,21,18,"18-24","F","other","91107"
3,4,3,4,4,4788,39.5,35,"35-44","M","executive/managerial","85331"
3,4,3,4,5,4808,39.5,35,"35-44","M","other","96707-1321"
4,1,2,4,5,4819,39.5,35,"35-44","M","tradesman/craftsman","17350"
4,4,2,4,4,4867,29.5,25,"25-34","M","self-employed","04101"
4,4,3,4,3,4890,29.5,25,"25-34","F","academic/educator","79928"
3,5,2,3,4,4979,39.5,35,"35-44","M","artist","55423"
5,3,3,5,3,5015,39.5,35,"35-44","M","doctor/health care","92672"
5,4,3,4,5,5044,39.5,35,"35-44","F","doctor/health care","23507"
4,5,4,3,4,5046,29.5,25,"25-34","M","self-employed","60614"
3,5,3,2,5,5090,39.5,35,"35-44","F","unemployed","75069"
4,4,2,5,4,5096,29.5,25,"25-34","M","lawyer","75206"
5,5,5,2,5,5100,52.5,50,"50-55","M","doctor/health care","193122042"
5,5,1,4,5,5163,47,45,"45-49","M","doctor/health care","53216"
3,3,4,4,4,5234,29.5,25,"25-34","F","other","60657"
4,2,4,5,4,5239,39.5,35,"35-44","M","executive/managerial","07043"
4,3,3,3,3,5256,29.5,25,"25-34","M","self-employed","30269"
5,5,5,5,5,5268,29.5,25,"25-34","F","artist","68502"
3,1,2,4,4,5272,29.5,25,"25-34","M","executive/managerial","90210"
3,5,4,3,2,5273,60,56,"56+","M","writer","91030"
4,4,3,4,4,5281,29.5,25,"25-34","M","artist","90210"
4,4,3,4,4,5287,29.5,25,"25-34","M","farmer","85203"
3,4,4,3,4,5289,47,45,"45-49","M","artist","94102"
5,4,2,4,5,5317,29.5,25,"25-34","F","other","02138"
5,4,4,4,4,5345,29.5,25,"25-34","F","technician/engineer","80003"
1,4,3,2,2,5387,29.5,25,"25-34","F","academic/educator","45056"
3,4,3,4,4,5458,21,18,"18-24","F","artist","98102"
5,5,3,5,5,5475,29.5,25,"25-34","M","college/grad student","94110"
5,5,4,4,4,5522,29.5,25,"25-34","M","sales/marketing","02460"
5,4,2,4,5,5530,21,18,"18-24","F","college/grad student","63141"
5,4,3,5,5,5569,21,18,"18-24","F","academic/educator","07666"
5,5,4,3,3,5580,47,45,"45-49","M","executive/managerial","01581"
2,4,2,5,4,5605,21,18,"18-24","F","artist","95008"
4,4,3,3,3,5636,29.5,25,"25-34","M","executive/managerial","98102"
4,4,4,3,4,5643,39.5,35,"35-44","F","academic/educator","84108"
2,1,1,1,2,5686,60,56,"56+","M","self-employed","60610"
4,5,2,4,4,5788,29.5,25,"25-34","M","other","92646"
4,5,2,5,5,5795,29.5,25,"25-34","M","academic/educator","92688"
5,5,4,5,5,5812,29.5,25,"25-34","F","executive/managerial","92120"
4,5,3,4,4,5831,29.5,25,"25-34","M","academic/educator","92120"
5,3,2,4,1,5840,15,1,"<18","F","other","44260"
5,5,3,4,3,5841,39.5,35,"35-44","F","executive/managerial","10024"
5,4,3,4,4,5888,29.5,25,"25-34","M","writer","64114"
3,2,1,4,2,5893,29.5,25,"25-34","M","executive/managerial","02139"
2,4,4,5,5,5964,21,18,"18-24","M","customer service","97202"
5,4,1,5,4,5972,29.5,25,"25-34","F","writer","55428"
4,3,2,3,2,6021,29.5,25,"25-34","M","programmer","08876"
